kind,score,sids,metrics,p_left,p_right,p_home,p_house_exch,p_pet_exch
baseline,0.9800002000000001,1d76a73e954f|b08f6b80b333|dfba98117735|78ca028b0d15|d2e1dad4d62f,/home/nuriddin/Code/zebra/data/logs/metrics_1d76a73e954f.csv|/home/nuriddin/Code/zebra/data/logs/metrics_b08f6b80b333.csv|/home/nuriddin/Code/zebra/data/logs/metrics_dfba98117735.csv|/home/nuriddin/Code/zebra/data/logs/metrics_78ca028b0d15.csv|/home/nuriddin/Code/zebra/data/logs/metrics_d2e1dad4d62f.csv,,,,,
trial0,0.9800002000000001,4c59132d4be3|ce8acd2f37b2|1125c243961c|334a8adbe605|3591f4783306,/home/nuriddin/Code/zebra/data/logs/metrics_4c59132d4be3.csv|/home/nuriddin/Code/zebra/data/logs/metrics_ce8acd2f37b2.csv|/home/nuriddin/Code/zebra/data/logs/metrics_1125c243961c.csv|/home/nuriddin/Code/zebra/data/logs/metrics_334a8adbe605.csv|/home/nuriddin/Code/zebra/data/logs/metrics_3591f4783306.csv,68,3,29,28,17
trial,0.9866668000000001,95957d9ef777|52931bffda81|5b0d2c5ff262|dff53557b58c|774d1d2927d7,/home/nuriddin/Code/zebra/data/logs/metrics_95957d9ef777.csv|/home/nuriddin/Code/zebra/data/logs/metrics_52931bffda81.csv|/home/nuriddin/Code/zebra/data/logs/metrics_5b0d2c5ff262.csv|/home/nuriddin/Code/zebra/data/logs/metrics_dff53557b58c.csv|/home/nuriddin/Code/zebra/data/logs/metrics_774d1d2927d7.csv,32,29,39,11,75
trial,1.0,fa26c44a3a4c|6b30c491de69|adf66cdba3c6|4e7243121cbd|3de4853d4bd6,/home/nuriddin/Code/zebra/data/logs/metrics_fa26c44a3a4c.csv|/home/nuriddin/Code/zebra/data/logs/metrics_6b30c491de69.csv|/home/nuriddin/Code/zebra/data/logs/metrics_adf66cdba3c6.csv|/home/nuriddin/Code/zebra/data/logs/metrics_4e7243121cbd.csv|/home/nuriddin/Code/zebra/data/logs/metrics_3de4853d4bd6.csv,63,4,33,64,77
trial,0.9866668000000001,d52bfbd932c3|65e98a2a6544|920b0ca7d3d8|1e937778e46d|03c2f1ee1daf,/home/nuriddin/Code/zebra/data/logs/metrics_d52bfbd932c3.csv|/home/nuriddin/Code/zebra/data/logs/metrics_65e98a2a6544.csv|/home/nuriddin/Code/zebra/data/logs/metrics_920b0ca7d3d8.csv|/home/nuriddin/Code/zebra/data/logs/metrics_1e937778e46d.csv|/home/nuriddin/Code/zebra/data/logs/metrics_03c2f1ee1daf.csv,3,23,74,69,53
trial,0.9933334,d2d479fc22c8|3959de94f6dc|daebc8f0235a|1ba76aaad1f2|14d80ab47b5e,/home/nuriddin/Code/zebra/data/logs/metrics_d2d479fc22c8.csv|/home/nuriddin/Code/zebra/data/logs/metrics_3959de94f6dc.csv|/home/nuriddin/Code/zebra/data/logs/metrics_daebc8f0235a.csv|/home/nuriddin/Code/zebra/data/logs/metrics_1ba76aaad1f2.csv|/home/nuriddin/Code/zebra/data/logs/metrics_14d80ab47b5e.csv,14,36,50,0,97
trial,0.9933334,9833d460e8ef|1dfc3e37db7c|2df8d60ce62a|27d795cf73d1|6dabbca5cf5b,/home/nuriddin/Code/zebra/data/logs/metrics_9833d460e8ef.csv|/home/nuriddin/Code/zebra/data/logs/metrics_1dfc3e37db7c.csv|/home/nuriddin/Code/zebra/data/logs/metrics_2df8d60ce62a.csv|/home/nuriddin/Code/zebra/data/logs/metrics_27d795cf73d1.csv|/home/nuriddin/Code/zebra/data/logs/metrics_6dabbca5cf5b.csv,44,38,18,19,27
trial,0.9933334,8a0e035c36bd|89bbd34f3374|f3f3978f284e|9ecc498dfde3|c3a62c37b6d0,/home/nuriddin/Code/zebra/data/logs/metrics_8a0e035c36bd.csv|/home/nuriddin/Code/zebra/data/logs/metrics_89bbd34f3374.csv|/home/nuriddin/Code/zebra/data/logs/metrics_f3f3978f284e.csv|/home/nuriddin/Code/zebra/data/logs/metrics_9ecc498dfde3.csv|/home/nuriddin/Code/zebra/data/logs/metrics_c3a62c37b6d0.csv,69,24,7,12,45
trial,1.0,2cda9972ee49|d92f3a381419|163d116ad72a|64dadc9fb132|b1e476088e7c,/home/nuriddin/Code/zebra/data/logs/metrics_2cda9972ee49.csv|/home/nuriddin/Code/zebra/data/logs/metrics_d92f3a381419.csv|/home/nuriddin/Code/zebra/data/logs/metrics_163d116ad72a.csv|/home/nuriddin/Code/zebra/data/logs/metrics_64dadc9fb132.csv|/home/nuriddin/Code/zebra/data/logs/metrics_b1e476088e7c.csv,38,27,35,93,58
trial,1.0,cfb4cd52fb8f|235168d08323|736a7dd2beff|05014c5e2e00|ade55e2cf11b,/home/nuriddin/Code/zebra/data/logs/metrics_cfb4cd52fb8f.csv|/home/nuriddin/Code/zebra/data/logs/metrics_235168d08323.csv|/home/nuriddin/Code/zebra/data/logs/metrics_736a7dd2beff.csv|/home/nuriddin/Code/zebra/data/logs/metrics_05014c5e2e00.csv|/home/nuriddin/Code/zebra/data/logs/metrics_ade55e2cf11b.csv,28,52,20,70,37
trial,0.9933334,5534487e3cb8|0323f77fac17|e88996813aa5|6d157755bbc4|09f0e4badbfd,/home/nuriddin/Code/zebra/data/logs/metrics_5534487e3cb8.csv|/home/nuriddin/Code/zebra/data/logs/metrics_0323f77fac17.csv|/home/nuriddin/Code/zebra/data/logs/metrics_e88996813aa5.csv|/home/nuriddin/Code/zebra/data/logs/metrics_6d157755bbc4.csv|/home/nuriddin/Code/zebra/data/logs/metrics_09f0e4badbfd.csv,36,27,37,73,24
trial,0.9866668000000001,a95d65c9e457|ee42caf6f73d|ed175592a4c6|5019fce33957|952fc606b01e,/home/nuriddin/Code/zebra/data/logs/metrics_a95d65c9e457.csv|/home/nuriddin/Code/zebra/data/logs/metrics_ee42caf6f73d.csv|/home/nuriddin/Code/zebra/data/logs/metrics_ed175592a4c6.csv|/home/nuriddin/Code/zebra/data/logs/metrics_5019fce33957.csv|/home/nuriddin/Code/zebra/data/logs/metrics_952fc606b01e.csv,72,5,23,37,10
trial,1.0,9cfe8d54d101|6e9181cdbf4c|3f8359f06ec4|06107c5508bc|62665552b250,/home/nuriddin/Code/zebra/data/logs/metrics_9cfe8d54d101.csv|/home/nuriddin/Code/zebra/data/logs/metrics_6e9181cdbf4c.csv|/home/nuriddin/Code/zebra/data/logs/metrics_3f8359f06ec4.csv|/home/nuriddin/Code/zebra/data/logs/metrics_06107c5508bc.csv|/home/nuriddin/Code/zebra/data/logs/metrics_62665552b250.csv,41,41,18,58,81
trial,0.9800002000000001,4a4886ad5a38|05f944fd66f6|a0e565fbf81b|194d8f00c3d3|876cf0cc706c,/home/nuriddin/Code/zebra/data/logs/metrics_4a4886ad5a38.csv|/home/nuriddin/Code/zebra/data/logs/metrics_05f944fd66f6.csv|/home/nuriddin/Code/zebra/data/logs/metrics_a0e565fbf81b.csv|/home/nuriddin/Code/zebra/data/logs/metrics_194d8f00c3d3.csv|/home/nuriddin/Code/zebra/data/logs/metrics_876cf0cc706c.csv,62,12,26,85,34
trial,0.9933334,a5a0d92aa9b4|081425e4f66d|e2100ecd67d3|67b2837e88fd|2705b2e930a9,/home/nuriddin/Code/zebra/data/logs/metrics_a5a0d92aa9b4.csv|/home/nuriddin/Code/zebra/data/logs/metrics_081425e4f66d.csv|/home/nuriddin/Code/zebra/data/logs/metrics_e2100ecd67d3.csv|/home/nuriddin/Code/zebra/data/logs/metrics_67b2837e88fd.csv|/home/nuriddin/Code/zebra/data/logs/metrics_2705b2e930a9.csv,48,47,5,81,21
trial,0.9866668000000001,c37d6847bd59|304b892cabb9|2286f79101ed|91f997836dd1|b4912d069482,/home/nuriddin/Code/zebra/data/logs/metrics_c37d6847bd59.csv|/home/nuriddin/Code/zebra/data/logs/metrics_304b892cabb9.csv|/home/nuriddin/Code/zebra/data/logs/metrics_2286f79101ed.csv|/home/nuriddin/Code/zebra/data/logs/metrics_91f997836dd1.csv|/home/nuriddin/Code/zebra/data/logs/metrics_b4912d069482.csv,43,20,37,34,81
trial,0.9933334,1fe2e52cc0bb|89a6b29e0666|c531cae7cd4d|8ac80bb48010|91750f77385c,/home/nuriddin/Code/zebra/data/logs/metrics_1fe2e52cc0bb.csv|/home/nuriddin/Code/zebra/data/logs/metrics_89a6b29e0666.csv|/home/nuriddin/Code/zebra/data/logs/metrics_c531cae7cd4d.csv|/home/nuriddin/Code/zebra/data/logs/metrics_8ac80bb48010.csv|/home/nuriddin/Code/zebra/data/logs/metrics_91750f77385c.csv,56,18,26,98,99
trial,0.9800002000000001,ae6f433661fe|77b7f91166f4|ecbfe442d77e|ccb94aaafa25|661982d0466d,/home/nuriddin/Code/zebra/data/logs/metrics_ae6f433661fe.csv|/home/nuriddin/Code/zebra/data/logs/metrics_77b7f91166f4.csv|/home/nuriddin/Code/zebra/data/logs/metrics_ecbfe442d77e.csv|/home/nuriddin/Code/zebra/data/logs/metrics_ccb94aaafa25.csv|/home/nuriddin/Code/zebra/data/logs/metrics_661982d0466d.csv,3,49,48,51,34
trial,0.9866668000000001,638208a2e1b8|70e6838af5a3|a5f23f7a7d5b|523219a4ecb2|b7aa5f198a44,/home/nuriddin/Code/zebra/data/logs/metrics_638208a2e1b8.csv|/home/nuriddin/Code/zebra/data/logs/metrics_70e6838af5a3.csv|/home/nuriddin/Code/zebra/data/logs/metrics_a5f23f7a7d5b.csv|/home/nuriddin/Code/zebra/data/logs/metrics_523219a4ecb2.csv|/home/nuriddin/Code/zebra/data/logs/metrics_b7aa5f198a44.csv,4,59,37,91,40
trial,0.9933334,81df80778d2b|85c4795363c0|3b3c1f199041|d760b4e6e4a2|d54c5aca79d3,/home/nuriddin/Code/zebra/data/logs/metrics_81df80778d2b.csv|/home/nuriddin/Code/zebra/data/logs/metrics_85c4795363c0.csv|/home/nuriddin/Code/zebra/data/logs/metrics_3b3c1f199041.csv|/home/nuriddin/Code/zebra/data/logs/metrics_d760b4e6e4a2.csv|/home/nuriddin/Code/zebra/data/logs/metrics_d54c5aca79d3.csv,13,31,56,82,58
trial,0.9866668000000001,269d2c8de0cf|95291124d810|550b3c890cfe|b2ca3b80f35e|a7d6d020bf9f,/home/nuriddin/Code/zebra/data/logs/metrics_269d2c8de0cf.csv|/home/nuriddin/Code/zebra/data/logs/metrics_95291124d810.csv|/home/nuriddin/Code/zebra/data/logs/metrics_550b3c890cfe.csv|/home/nuriddin/Code/zebra/data/logs/metrics_b2ca3b80f35e.csv|/home/nuriddin/Code/zebra/data/logs/metrics_a7d6d020bf9f.csv,14,14,72,68,33
trial,1.0,edcced4f8d21|689934fe3dd0|c696fec37778|76f378338f29|d39507df7335,/home/nuriddin/Code/zebra/data/logs/metrics_edcced4f8d21.csv|/home/nuriddin/Code/zebra/data/logs/metrics_689934fe3dd0.csv|/home/nuriddin/Code/zebra/data/logs/metrics_c696fec37778.csv|/home/nuriddin/Code/zebra/data/logs/metrics_76f378338f29.csv|/home/nuriddin/Code/zebra/data/logs/metrics_d39507df7335.csv,42,24,34,46,28
trial,0.9866668000000001,0f4bbf172734|9d52825553fc|b6178c225c38|a0066a3ef047|423dfc5c059f,/home/nuriddin/Code/zebra/data/logs/metrics_0f4bbf172734.csv|/home/nuriddin/Code/zebra/data/logs/metrics_9d52825553fc.csv|/home/nuriddin/Code/zebra/data/logs/metrics_b6178c225c38.csv|/home/nuriddin/Code/zebra/data/logs/metrics_a0066a3ef047.csv|/home/nuriddin/Code/zebra/data/logs/metrics_423dfc5c059f.csv,61,8,31,96,6
trial,0.9933334,e7ffd4f938f0|4bf945ef7cdf|ebb4f5eb0c83|6862d8b55a5f|70a200755f3d,/home/nuriddin/Code/zebra/data/logs/metrics_e7ffd4f938f0.csv|/home/nuriddin/Code/zebra/data/logs/metrics_4bf945ef7cdf.csv|/home/nuriddin/Code/zebra/data/logs/metrics_ebb4f5eb0c83.csv|/home/nuriddin/Code/zebra/data/logs/metrics_6862d8b55a5f.csv|/home/nuriddin/Code/zebra/data/logs/metrics_70a200755f3d.csv,73,13,14,87,54
trial,0.9933334,ede8ef26b055|d0244d9327e5|6762e70bc79c|97d6da6bc249|a0b1e24491cf,/home/nuriddin/Code/zebra/data/logs/metrics_ede8ef26b055.csv|/home/nuriddin/Code/zebra/data/logs/metrics_d0244d9327e5.csv|/home/nuriddin/Code/zebra/data/logs/metrics_6762e70bc79c.csv|/home/nuriddin/Code/zebra/data/logs/metrics_97d6da6bc249.csv|/home/nuriddin/Code/zebra/data/logs/metrics_a0b1e24491cf.csv,38,24,38,59,67
trial,1.0,83700d7224af|2b6381520861|8ef84da67f54|4dadf3453448|0e1cff758756,/home/nuriddin/Code/zebra/data/logs/metrics_83700d7224af.csv|/home/nuriddin/Code/zebra/data/logs/metrics_2b6381520861.csv|/home/nuriddin/Code/zebra/data/logs/metrics_8ef84da67f54.csv|/home/nuriddin/Code/zebra/data/logs/metrics_4dadf3453448.csv|/home/nuriddin/Code/zebra/data/logs/metrics_0e1cff758756.csv,14,32,54,87,92
trial,0.9866668000000001,90fe07019ec9|e4e7ff1b896d|e0a1a49fe0b2|15773d2aedc2|4f99cf11ad58,/home/nuriddin/Code/zebra/data/logs/metrics_90fe07019ec9.csv|/home/nuriddin/Code/zebra/data/logs/metrics_e4e7ff1b896d.csv|/home/nuriddin/Code/zebra/data/logs/metrics_e0a1a49fe0b2.csv|/home/nuriddin/Code/zebra/data/logs/metrics_15773d2aedc2.csv|/home/nuriddin/Code/zebra/data/logs/metrics_4f99cf11ad58.csv,7,51,42,98,82
trial,0.9933334,345ca8ae185f|db431fe7b70e|406e1653a743|69ac515533bc|b5a4e649754a,/home/nuriddin/Code/zebra/data/logs/metrics_345ca8ae185f.csv|/home/nuriddin/Code/zebra/data/logs/metrics_db431fe7b70e.csv|/home/nuriddin/Code/zebra/data/logs/metrics_406e1653a743.csv|/home/nuriddin/Code/zebra/data/logs/metrics_69ac515533bc.csv|/home/nuriddin/Code/zebra/data/logs/metrics_b5a4e649754a.csv,43,37,20,0,92
trial,0.9933334,d2ddde616198|a776b49c3072|db788600cf86|583956f97e86|3b3cfdf349e5,/home/nuriddin/Code/zebra/data/logs/metrics_d2ddde616198.csv|/home/nuriddin/Code/zebra/data/logs/metrics_a776b49c3072.csv|/home/nuriddin/Code/zebra/data/logs/metrics_db788600cf86.csv|/home/nuriddin/Code/zebra/data/logs/metrics_583956f97e86.csv|/home/nuriddin/Code/zebra/data/logs/metrics_3b3cfdf349e5.csv,53,16,31,22,64
trial,0.9933334,f9fefad52589|dc46110d159e|e58dab013881|41ac99a7059f|d9950b9fa223,/home/nuriddin/Code/zebra/data/logs/metrics_f9fefad52589.csv|/home/nuriddin/Code/zebra/data/logs/metrics_dc46110d159e.csv|/home/nuriddin/Code/zebra/data/logs/metrics_e58dab013881.csv|/home/nuriddin/Code/zebra/data/logs/metrics_41ac99a7059f.csv|/home/nuriddin/Code/zebra/data/logs/metrics_d9950b9fa223.csv,44,42,14,81,64
trial,1.0,b455096f3be8|392818253889|6a4ff66e018a|88bd78af59d0|d314dae9e406,/home/nuriddin/Code/zebra/data/logs/metrics_b455096f3be8.csv|/home/nuriddin/Code/zebra/data/logs/metrics_392818253889.csv|/home/nuriddin/Code/zebra/data/logs/metrics_6a4ff66e018a.csv|/home/nuriddin/Code/zebra/data/logs/metrics_88bd78af59d0.csv|/home/nuriddin/Code/zebra/data/logs/metrics_d314dae9e406.csv,40,10,50,69,99
trial,1.0,33804d9c8817|8eb9a3ee1ec9|95d8bae864b7|4530217a5dca|738837fcea34,/home/nuriddin/Code/zebra/data/logs/metrics_33804d9c8817.csv|/home/nuriddin/Code/zebra/data/logs/metrics_8eb9a3ee1ec9.csv|/home/nuriddin/Code/zebra/data/logs/metrics_95d8bae864b7.csv|/home/nuriddin/Code/zebra/data/logs/metrics_4530217a5dca.csv|/home/nuriddin/Code/zebra/data/logs/metrics_738837fcea34.csv,38,38,24,62,2
trial,1.0,2a1faadbff95|ce7f6adf4878|e3270a9bcc84|fe8b7981744b|b743a6852869,/home/nuriddin/Code/zebra/data/logs/metrics_2a1faadbff95.csv|/home/nuriddin/Code/zebra/data/logs/metrics_ce7f6adf4878.csv|/home/nuriddin/Code/zebra/data/logs/metrics_e3270a9bcc84.csv|/home/nuriddin/Code/zebra/data/logs/metrics_fe8b7981744b.csv|/home/nuriddin/Code/zebra/data/logs/metrics_b743a6852869.csv,8,25,67,39,30
trial,1.0,ec4da49fd656|5798c347fd38|18fa385d5bbe|f8a820dbe5f7|6bcc2efb9e9b,/home/nuriddin/Code/zebra/data/logs/metrics_ec4da49fd656.csv|/home/nuriddin/Code/zebra/data/logs/metrics_5798c347fd38.csv|/home/nuriddin/Code/zebra/data/logs/metrics_18fa385d5bbe.csv|/home/nuriddin/Code/zebra/data/logs/metrics_f8a820dbe5f7.csv|/home/nuriddin/Code/zebra/data/logs/metrics_6bcc2efb9e9b.csv,3,47,50,10,93
trial,0.9866668000000001,078b3178d04c|ae84192ecdd3|9fddae3efa71|c3728ae463c3|c90eecb5a8f1,/home/nuriddin/Code/zebra/data/logs/metrics_078b3178d04c.csv|/home/nuriddin/Code/zebra/data/logs/metrics_ae84192ecdd3.csv|/home/nuriddin/Code/zebra/data/logs/metrics_9fddae3efa71.csv|/home/nuriddin/Code/zebra/data/logs/metrics_c3728ae463c3.csv|/home/nuriddin/Code/zebra/data/logs/metrics_c90eecb5a8f1.csv,37,5,58,98,16
trial,0.9733336000000001,091dccde10e3|e8696b704970|eee58097e966|db88c89118d6|70870a92175b,/home/nuriddin/Code/zebra/data/logs/metrics_091dccde10e3.csv|/home/nuriddin/Code/zebra/data/logs/metrics_e8696b704970.csv|/home/nuriddin/Code/zebra/data/logs/metrics_eee58097e966.csv|/home/nuriddin/Code/zebra/data/logs/metrics_db88c89118d6.csv|/home/nuriddin/Code/zebra/data/logs/metrics_70870a92175b.csv,11,41,48,33,67
trial,0.9933334,d1b5e8c18331|94b02649bb0f|28c3d43c625a|059668d3b3ea|20ec461a47d0,/home/nuriddin/Code/zebra/data/logs/metrics_d1b5e8c18331.csv|/home/nuriddin/Code/zebra/data/logs/metrics_94b02649bb0f.csv|/home/nuriddin/Code/zebra/data/logs/metrics_28c3d43c625a.csv|/home/nuriddin/Code/zebra/data/logs/metrics_059668d3b3ea.csv|/home/nuriddin/Code/zebra/data/logs/metrics_20ec461a47d0.csv,58,28,14,69,96
trial,1.0,87b2210cec46|864c47010b38|c43eb57df47d|a68eb7d0b32f|518257235ffb,/home/nuriddin/Code/zebra/data/logs/metrics_87b2210cec46.csv|/home/nuriddin/Code/zebra/data/logs/metrics_864c47010b38.csv|/home/nuriddin/Code/zebra/data/logs/metrics_c43eb57df47d.csv|/home/nuriddin/Code/zebra/data/logs/metrics_a68eb7d0b32f.csv|/home/nuriddin/Code/zebra/data/logs/metrics_518257235ffb.csv,59,16,25,85,83
trial,1.0,29436919203a|e20ef24836b0|849c36b6e2ae|6bb0ced042ae|3d2d0798fa7a,/home/nuriddin/Code/zebra/data/logs/metrics_29436919203a.csv|/home/nuriddin/Code/zebra/data/logs/metrics_e20ef24836b0.csv|/home/nuriddin/Code/zebra/data/logs/metrics_849c36b6e2ae.csv|/home/nuriddin/Code/zebra/data/logs/metrics_6bb0ced042ae.csv|/home/nuriddin/Code/zebra/data/logs/metrics_3d2d0798fa7a.csv,22,52,26,31,28
trial,0.9933334,1be240da4abd|b20ba2227811|5849f609aa08|d6f66ebcdac1|f06b7d623270,/home/nuriddin/Code/zebra/data/logs/metrics_1be240da4abd.csv|/home/nuriddin/Code/zebra/data/logs/metrics_b20ba2227811.csv|/home/nuriddin/Code/zebra/data/logs/metrics_5849f609aa08.csv|/home/nuriddin/Code/zebra/data/logs/metrics_d6f66ebcdac1.csv|/home/nuriddin/Code/zebra/data/logs/metrics_f06b7d623270.csv,10,3,87,75,28
trial,0.9933334,a90582a20e39|d76dbef57426|3344612d4f47|f88442b8699c|2d25bffc2135,/home/nuriddin/Code/zebra/data/logs/metrics_a90582a20e39.csv|/home/nuriddin/Code/zebra/data/logs/metrics_d76dbef57426.csv|/home/nuriddin/Code/zebra/data/logs/metrics_3344612d4f47.csv|/home/nuriddin/Code/zebra/data/logs/metrics_f88442b8699c.csv|/home/nuriddin/Code/zebra/data/logs/metrics_2d25bffc2135.csv,1,91,8,8,4
trial,0.9866668000000001,1e4b505df4bc|c8c804171865|4008abc6a6cf|ee7da5a17bba|03610089e376,/home/nuriddin/Code/zebra/data/logs/metrics_1e4b505df4bc.csv|/home/nuriddin/Code/zebra/data/logs/metrics_c8c804171865.csv|/home/nuriddin/Code/zebra/data/logs/metrics_4008abc6a6cf.csv|/home/nuriddin/Code/zebra/data/logs/metrics_ee7da5a17bba.csv|/home/nuriddin/Code/zebra/data/logs/metrics_03610089e376.csv,74,6,20,85,62
trial,0.9933334,39e7f34d565f|0eb0aa82721b|b4c06a2f8a51|41bbb544df18|3cf58ec3a928,/home/nuriddin/Code/zebra/data/logs/metrics_39e7f34d565f.csv|/home/nuriddin/Code/zebra/data/logs/metrics_0eb0aa82721b.csv|/home/nuriddin/Code/zebra/data/logs/metrics_b4c06a2f8a51.csv|/home/nuriddin/Code/zebra/data/logs/metrics_41bbb544df18.csv|/home/nuriddin/Code/zebra/data/logs/metrics_3cf58ec3a928.csv,17,10,73,73,73
trial,1.0,f3be573dfd49|394fd0204d2b|8f9c0f5584d1|9b310491ee20|97cff786d81b,/home/nuriddin/Code/zebra/data/logs/metrics_f3be573dfd49.csv|/home/nuriddin/Code/zebra/data/logs/metrics_394fd0204d2b.csv|/home/nuriddin/Code/zebra/data/logs/metrics_8f9c0f5584d1.csv|/home/nuriddin/Code/zebra/data/logs/metrics_9b310491ee20.csv|/home/nuriddin/Code/zebra/data/logs/metrics_97cff786d81b.csv,23,38,39,24,12
trial,0.9866668000000001,659cf10a75ed|caae8d5c41d6|6b58f11f04d7|74c6ae9b8b3c|baf88c7c7129,/home/nuriddin/Code/zebra/data/logs/metrics_659cf10a75ed.csv|/home/nuriddin/Code/zebra/data/logs/metrics_caae8d5c41d6.csv|/home/nuriddin/Code/zebra/data/logs/metrics_6b58f11f04d7.csv|/home/nuriddin/Code/zebra/data/logs/metrics_74c6ae9b8b3c.csv|/home/nuriddin/Code/zebra/data/logs/metrics_baf88c7c7129.csv,10,45,45,59,93
trial,0.9866668000000001,5b598a74e54e|9aa0e08dbd71|4b6cc5599aa6|29d4d56c18b1|b1d0afb31144,/home/nuriddin/Code/zebra/data/logs/metrics_5b598a74e54e.csv|/home/nuriddin/Code/zebra/data/logs/metrics_9aa0e08dbd71.csv|/home/nuriddin/Code/zebra/data/logs/metrics_4b6cc5599aa6.csv|/home/nuriddin/Code/zebra/data/logs/metrics_29d4d56c18b1.csv|/home/nuriddin/Code/zebra/data/logs/metrics_b1d0afb31144.csv,4,48,48,7,51
trial,1.0,966f35b76f57|67e3e1936f2d|6f7e00362310|46e6bf4eff4f|446639a3b87d,/home/nuriddin/Code/zebra/data/logs/metrics_966f35b76f57.csv|/home/nuriddin/Code/zebra/data/logs/metrics_67e3e1936f2d.csv|/home/nuriddin/Code/zebra/data/logs/metrics_6f7e00362310.csv|/home/nuriddin/Code/zebra/data/logs/metrics_46e6bf4eff4f.csv|/home/nuriddin/Code/zebra/data/logs/metrics_446639a3b87d.csv,44,49,7,24,24
trial,0.9866668000000001,273c13d45835|13d4b783db56|2942f5cc6533|08a15a14e265|f1b37667f48c,/home/nuriddin/Code/zebra/data/logs/metrics_273c13d45835.csv|/home/nuriddin/Code/zebra/data/logs/metrics_13d4b783db56.csv|/home/nuriddin/Code/zebra/data/logs/metrics_2942f5cc6533.csv|/home/nuriddin/Code/zebra/data/logs/metrics_08a15a14e265.csv|/home/nuriddin/Code/zebra/data/logs/metrics_f1b37667f48c.csv,62,16,22,59,31
trial,0.9933334,8436c0877cb0|e75aacf156fb|35e444acd041|a90a7a5dc4e9|9345a9b4d387,/home/nuriddin/Code/zebra/data/logs/metrics_8436c0877cb0.csv|/home/nuriddin/Code/zebra/data/logs/metrics_e75aacf156fb.csv|/home/nuriddin/Code/zebra/data/logs/metrics_35e444acd041.csv|/home/nuriddin/Code/zebra/data/logs/metrics_a90a7a5dc4e9.csv|/home/nuriddin/Code/zebra/data/logs/metrics_9345a9b4d387.csv,50,4,46,70,12
trial,0.9933334,da8fcd9f1c94|2df9a8eaf931|f6c2e6149a11|a34524ee9724|a2603623197c,/home/nuriddin/Code/zebra/data/logs/metrics_da8fcd9f1c94.csv|/home/nuriddin/Code/zebra/data/logs/metrics_2df9a8eaf931.csv|/home/nuriddin/Code/zebra/data/logs/metrics_f6c2e6149a11.csv|/home/nuriddin/Code/zebra/data/logs/metrics_a34524ee9724.csv|/home/nuriddin/Code/zebra/data/logs/metrics_a2603623197c.csv,3,53,44,11,96
trial,0.9800002000000001,453cc6c5780b|09b6c25080ce|81cf9440f639|5d0bbcb80500|515d85a74124,/home/nuriddin/Code/zebra/data/logs/metrics_453cc6c5780b.csv|/home/nuriddin/Code/zebra/data/logs/metrics_09b6c25080ce.csv|/home/nuriddin/Code/zebra/data/logs/metrics_81cf9440f639.csv|/home/nuriddin/Code/zebra/data/logs/metrics_5d0bbcb80500.csv|/home/nuriddin/Code/zebra/data/logs/metrics_515d85a74124.csv,57,11,32,27,51
trial,1.0,ca0969e64170|1f777eecb74b|0eb330776e79|285f4cd29286|9de4799a9fc2,/home/nuriddin/Code/zebra/data/logs/metrics_ca0969e64170.csv|/home/nuriddin/Code/zebra/data/logs/metrics_1f777eecb74b.csv|/home/nuriddin/Code/zebra/data/logs/metrics_0eb330776e79.csv|/home/nuriddin/Code/zebra/data/logs/metrics_285f4cd29286.csv|/home/nuriddin/Code/zebra/data/logs/metrics_9de4799a9fc2.csv,84,15,1,49,33
trial,0.9866668000000001,5c8ade590fbc|6ff700b151c0|9fb7f62d8a1d|18c0bcc07d76|778f8addc7ba,/home/nuriddin/Code/zebra/data/logs/metrics_5c8ade590fbc.csv|/home/nuriddin/Code/zebra/data/logs/metrics_6ff700b151c0.csv|/home/nuriddin/Code/zebra/data/logs/metrics_9fb7f62d8a1d.csv|/home/nuriddin/Code/zebra/data/logs/metrics_18c0bcc07d76.csv|/home/nuriddin/Code/zebra/data/logs/metrics_778f8addc7ba.csv,46,39,15,89,93
trial,1.0,f304c483335a|fc7d04796d77|4abad9182e15|a186a8a9edde|17f66cfb5d8b,/home/nuriddin/Code/zebra/data/logs/metrics_f304c483335a.csv|/home/nuriddin/Code/zebra/data/logs/metrics_fc7d04796d77.csv|/home/nuriddin/Code/zebra/data/logs/metrics_4abad9182e15.csv|/home/nuriddin/Code/zebra/data/logs/metrics_a186a8a9edde.csv|/home/nuriddin/Code/zebra/data/logs/metrics_17f66cfb5d8b.csv,44,24,32,19,24
trial,0.9866668000000001,d04668009606|ef2d89c6987f|07d05607cc2b|b76942832fa9|93b52833efba,/home/nuriddin/Code/zebra/data/logs/metrics_d04668009606.csv|/home/nuriddin/Code/zebra/data/logs/metrics_ef2d89c6987f.csv|/home/nuriddin/Code/zebra/data/logs/metrics_07d05607cc2b.csv|/home/nuriddin/Code/zebra/data/logs/metrics_b76942832fa9.csv|/home/nuriddin/Code/zebra/data/logs/metrics_93b52833efba.csv,16,53,31,69,7
trial,1.0,1632ada53e40|244895041f7b|871c9ad065e8|578ef9e55f61|0b46a6f5198a,/home/nuriddin/Code/zebra/data/logs/metrics_1632ada53e40.csv|/home/nuriddin/Code/zebra/data/logs/metrics_244895041f7b.csv|/home/nuriddin/Code/zebra/data/logs/metrics_871c9ad065e8.csv|/home/nuriddin/Code/zebra/data/logs/metrics_578ef9e55f61.csv|/home/nuriddin/Code/zebra/data/logs/metrics_0b46a6f5198a.csv,54,4,42,64,67
trial,0.9933334,5ce31c742fd5|0b96eb29d4aa|8d9b4abed6ab|06c174b2c70b|43d62057bf06,/home/nuriddin/Code/zebra/data/logs/metrics_5ce31c742fd5.csv|/home/nuriddin/Code/zebra/data/logs/metrics_0b96eb29d4aa.csv|/home/nuriddin/Code/zebra/data/logs/metrics_8d9b4abed6ab.csv|/home/nuriddin/Code/zebra/data/logs/metrics_06c174b2c70b.csv|/home/nuriddin/Code/zebra/data/logs/metrics_43d62057bf06.csv,13,80,7,23,8
trial,0.9933334,514abfe271b2|559654597f90|a7cc09c55ab1|40efec0be443|aaf05bb52aaa,/home/nuriddin/Code/zebra/data/logs/metrics_514abfe271b2.csv|/home/nuriddin/Code/zebra/data/logs/metrics_559654597f90.csv|/home/nuriddin/Code/zebra/data/logs/metrics_a7cc09c55ab1.csv|/home/nuriddin/Code/zebra/data/logs/metrics_40efec0be443.csv|/home/nuriddin/Code/zebra/data/logs/metrics_aaf05bb52aaa.csv,40,45,15,15,72
trial,0.9733336000000001,d5de53bc1a15|999e0a320f77|e1d29a2a322c|8a81be1f0b73|28a3febd6d89,/home/nuriddin/Code/zebra/data/logs/metrics_d5de53bc1a15.csv|/home/nuriddin/Code/zebra/data/logs/metrics_999e0a320f77.csv|/home/nuriddin/Code/zebra/data/logs/metrics_e1d29a2a322c.csv|/home/nuriddin/Code/zebra/data/logs/metrics_8a81be1f0b73.csv|/home/nuriddin/Code/zebra/data/logs/metrics_28a3febd6d89.csv,17,41,42,53,84
trial,0.9933334,d794530da750|a3184eaa800c|d545df4fb16c|b2eb45910345|a135de876751,/home/nuriddin/Code/zebra/data/logs/metrics_d794530da750.csv|/home/nuriddin/Code/zebra/data/logs/metrics_a3184eaa800c.csv|/home/nuriddin/Code/zebra/data/logs/metrics_d545df4fb16c.csv|/home/nuriddin/Code/zebra/data/logs/metrics_b2eb45910345.csv|/home/nuriddin/Code/zebra/data/logs/metrics_a135de876751.csv,29,26,45,26,85
trial,0.9866668000000001,e80e8a768acf|fbc5ca2a8eda|ffd10e8faca1|c3f4a8c09528|f017baf39989,/home/nuriddin/Code/zebra/data/logs/metrics_e80e8a768acf.csv|/home/nuriddin/Code/zebra/data/logs/metrics_fbc5ca2a8eda.csv|/home/nuriddin/Code/zebra/data/logs/metrics_ffd10e8faca1.csv|/home/nuriddin/Code/zebra/data/logs/metrics_c3f4a8c09528.csv|/home/nuriddin/Code/zebra/data/logs/metrics_f017baf39989.csv,53,18,29,85,82
trial,0.9800002000000001,0b5a964c310a|6f748dbb8fd9|e256c359241a|7d7c9ec35274|2150ac893d47,/home/nuriddin/Code/zebra/data/logs/metrics_0b5a964c310a.csv|/home/nuriddin/Code/zebra/data/logs/metrics_6f748dbb8fd9.csv|/home/nuriddin/Code/zebra/data/logs/metrics_e256c359241a.csv|/home/nuriddin/Code/zebra/data/logs/metrics_7d7c9ec35274.csv|/home/nuriddin/Code/zebra/data/logs/metrics_2150ac893d47.csv,22,23,55,9,1
